target_num,target_is_prime,input_string,target_str,target_factor_list,pred_str,beam_idx,log_prob,n_target_factors,pred_same_as_target,pred_factor_list,n_pred_factors,product,correct_product,correct_factorization,num_prime_factors_pred,percent_prime_factors_pred
9,False,1001,>11x11.,"[3, 3]",>10011,0,-0.9311090707778931,2,False,[19],1,19,False,False,1,1.0
9,False,1001,>11x11.,"[3, 3]",>11x11x11,1,-1.9417306184768677,2,False,"[3, 3, 3]",3,27,False,False,3,1.0
10,False,1010,>10x101.,"[2, 5]",>10x101,0,-0.7233844995498657,2,False,"[2, 5]",2,10,True,True,2,1.0
10,False,1010,>10x101.,"[2, 5]",>10x11x11,1,-2.0046472549438477,2,False,"[2, 3, 3]",3,18,False,False,3,1.0
15,False,1111,>11x101.,"[3, 5]",>1111,0,-1.2645246982574463,2,True,[15],1,15,True,False,0,0.0
15,False,1111,>11x101.,"[3, 5]",>11x11x11,1,-2.279782295227051,2,False,"[3, 3, 3]",3,27,False,False,3,1.0
19,True,10011,>10011.,[19],>100111,0,-1.3811206817626953,1,False,[39],1,39,False,False,0,0.0
19,True,10011,>10011.,[19],>11x11x111,1,-1.9253220558166504,1,False,"[3, 3, 7]",3,63,False,False,3,1.0
21,False,10101,>11x111.,"[3, 7]",>10101,0,-1.423480749130249,2,True,[21],1,21,True,False,0,0.0
21,False,10101,>11x111.,"[3, 7]",>101011,1,-1.6571059226989746,2,False,[43],1,43,False,False,1,1.0
22,False,10110,>10x1011.,"[2, 11]",>10x1011,0,-0.70944744348526,2,False,"[2, 11]",2,22,True,True,2,1.0
22,False,10110,>10x1011.,"[2, 11]",>10x11x111,1,-1.363369107246399,2,False,"[2, 3, 7]",3,42,False,False,3,1.0
29,True,11101,>11101.,[29],>11101,0,-1.08000648021698,1,True,[29],1,29,True,True,1,1.0
29,True,11101,>11101.,[29],>11x1011,1,-2.913466453552246,1,False,"[3, 11]",2,33,False,False,2,1.0
40,False,101000,>10x10x10x101.,"[2, 2, 2, 5]",>10x10x10x101,0,-0.3414050340652466,4,False,"[2, 2, 2, 5]",4,40,True,True,4,1.0
40,False,101000,>10x10x10x101.,"[2, 2, 2, 5]",>10x10x10x11x11,1,-1.8496136665344238,4,False,"[2, 2, 2, 3, 3]",5,72,False,False,5,1.0
54,False,110110,>10x11x11x11.,"[2, 3, 3, 3]",>10x11011,0,-1.081764817237854,4,False,"[2, 27]",2,54,True,False,1,0.5
54,False,110110,>10x11x11x11.,"[2, 3, 3, 3]",>10x11x1001,1,-1.9955543279647827,4,False,"[2, 3, 9]",3,54,True,False,2,0.6666666666666666
68,False,1000100,>10x10x10001.,"[2, 2, 17]",>10x10x10001,0,-0.7521282434463501,3,False,"[2, 2, 17]",3,68,True,True,3,1.0
68,False,1000100,>10x10x10001.,"[2, 2, 17]",>10x10x11x101,1,-1.6820985078811646,3,False,"[2, 2, 3, 5]",4,60,False,False,4,1.0
70,False,1000110,>10x101x111.,"[2, 5, 7]",>10x100011,0,-0.8433158993721008,3,False,"[2, 35]",2,70,True,False,1,0.5
70,False,1000110,>10x101x111.,"[2, 5, 7]",>10x11x1011,1,-1.7519879341125488,3,False,"[2, 3, 11]",3,66,False,False,3,1.0
72,False,1001000,>10x10x10x11x11.,"[2, 2, 2, 3, 3]",>10x10x10x1001,0,-0.4945407807826996,5,False,"[2, 2, 2, 9]",4,72,True,False,3,0.75
72,False,1001000,>10x10x10x11x11.,"[2, 2, 2, 3, 3]",>10x10x10x11x11,1,-1.6074061393737793,5,False,"[2, 2, 2, 3, 3]",5,72,True,True,5,1.0
74,False,1001010,>10x100101.,"[2, 37]",>10x100101,0,-0.8693466782569885,2,False,"[2, 37]",2,74,True,True,2,1.0
74,False,1001010,>10x100101.,"[2, 37]",>10x11x11x111,1,-1.9587236642837524,2,False,"[2, 3, 3, 7]",4,126,False,False,4,1.0
91,False,1011011,>111x1101.,"[7, 13]",>1011011,0,-0.9375089406967163,2,True,[91],1,91,True,False,0,0.0
91,False,1011011,>111x1101.,"[7, 13]",>11x11111,1,-2.613710641860962,2,False,"[3, 31]",2,93,False,False,2,1.0
100,False,1100100,>10x10x101x101.,"[2, 2, 5, 5]",>10x10x11001,0,-0.8786530494689941,4,False,"[2, 2, 25]",3,100,True,False,2,0.6666666666666666
100,False,1100100,>10x10x101x101.,"[2, 2, 5, 5]",>10x10x11x10001,1,-1.7999788522720337,4,False,"[2, 2, 3, 17]",4,204,False,False,4,1.0
105,False,1101001,>11x101x111.,"[3, 5, 7]",>1101001,0,-1.136572241783142,3,True,[105],1,105,True,False,0,0.0
105,False,1101001,>11x101x111.,"[3, 5, 7]",>11x100011,1,-2.064612627029419,3,False,"[3, 35]",2,105,True,False,1,0.5
111,False,1101111,>11x100101.,"[3, 37]",>1101111,0,-1.1049373149871826,2,True,[111],1,111,True,False,0,0.0
111,False,1101111,>11x100101.,"[3, 37]",>11x100101,1,-1.9611327648162842,2,False,"[3, 37]",2,111,True,True,2,1.0
113,True,1110001,>1110001.,[113],>1110001,0,-1.0322412252426147,1,True,[113],1,113,True,True,1,1.0
113,True,1110001,>1110001.,[113],>11x100111,1,-2.567368984222412,1,False,"[3, 39]",2,117,False,False,1,0.5
116,False,1110100,>10x10x11101.,"[2, 2, 29]",>10x10x11101,0,-0.7651803493499756,3,False,"[2, 2, 29]",3,116,True,True,3,1.0
116,False,1110100,>10x10x11101.,"[2, 2, 29]",>10x10x11x10011,1,-2.7024357318878174,3,False,"[2, 2, 3, 19]",4,228,False,False,4,1.0
118,False,1110110,>10x111011.,"[2, 59]",>10x111011,0,-0.9264060854911804,2,False,"[2, 59]",2,118,True,True,2,1.0
118,False,1110110,>10x111011.,"[2, 59]",>10x11x10011,1,-2.6994435787200928,2,False,"[2, 3, 19]",3,114,False,False,3,1.0
120,False,1111000,>10x10x10x11x101.,"[2, 2, 2, 3, 5]",>10x10x10x1111,0,-0.597174882888794,5,False,"[2, 2, 2, 15]",4,120,True,False,3,0.75
120,False,1111000,>10x10x10x11x101.,"[2, 2, 2, 3, 5]",>10x10x10x11x101,1,-1.8749936819076538,5,False,"[2, 2, 2, 3, 5]",5,120,True,True,5,1.0
124,False,1111100,>10x10x11111.,"[2, 2, 31]",>10x10x11111,0,-0.8516900539398193,3,False,"[2, 2, 31]",3,124,True,True,3,1.0
124,False,1111100,>10x10x11111.,"[2, 2, 31]",>10x10x11x10101,1,-2.0438761711120605,3,False,"[2, 2, 3, 21]",4,252,False,False,3,0.75
142,False,10001110,>10x1000111.,"[2, 71]",>10x1000111,0,-0.8908026814460754,2,False,"[2, 71]",2,142,True,True,2,1.0
142,False,10001110,>10x1000111.,"[2, 71]",>10x11x10111,1,-2.7692861557006836,2,False,"[2, 3, 23]",3,138,False,False,3,1.0
145,False,10010001,>101x11101.,"[5, 29]",>10010001,0,-1.0730185508728027,2,True,[145],1,145,True,False,0,0.0
145,False,10010001,>101x11101.,"[5, 29]",>11x110001,1,-2.2402985095977783,2,False,"[3, 49]",2,147,False,False,1,0.5
146,False,10010010,>10x1001001.,"[2, 73]",>10x1001001,0,-0.944587767124176,2,False,"[2, 73]",2,146,True,True,2,1.0
146,False,10010010,>10x1001001.,"[2, 73]",>10x11x11x11x101,1,-2.5874180793762207,2,False,"[2, 3, 3, 3, 5]",5,270,False,False,5,1.0
149,True,10010101,>10010101.,[149],>10010101,0,-1.067821741104126,1,True,[149],1,149,True,True,1,1.0
149,True,10010101,>10010101.,[149],>11x110001,1,-2.1348180770874023,1,False,"[3, 49]",2,147,False,False,1,0.5
151,True,10010111,>10010111.,[151],>10010111,0,-1.0380573272705078,1,True,[151],1,151,True,True,1,1.0
151,True,10010111,>10010111.,[151],>11x1100101,1,-2.0411055088043213,1,False,"[3, 101]",2,303,False,False,2,1.0
153,False,10011001,>11x11x10001.,"[3, 3, 17]",>10011001,0,-1.0638484954833984,3,True,[153],1,153,True,False,0,0.0
153,False,10011001,>11x11x10001.,"[3, 3, 17]",>11x110011,1,-2.1474032402038574,3,False,"[3, 51]",2,153,True,False,1,0.5
157,True,10011101,>10011101.,[157],>10011101,0,-1.0454353094100952,1,True,[157],1,157,True,True,1,1.0
157,True,10011101,>10011101.,[157],>11x110101,1,-2.114591598510742,1,False,"[3, 53]",2,159,False,False,2,1.0
158,False,10011110,>10x1001111.,"[2, 79]",>10x1001111,0,-0.8700268864631653,2,False,"[2, 79]",2,158,True,True,2,1.0
158,False,10011110,>10x1001111.,"[2, 79]",>10x11x110101,1,-2.4477100372314453,2,False,"[2, 3, 53]",3,318,False,False,3,1.0
165,False,10100101,>11x101x1011.,"[3, 5, 11]",>10100101,0,-1.0081782341003418,3,True,[165],1,165,True,False,0,0.0
165,False,10100101,>11x101x1011.,"[3, 5, 11]",>11x11x10011,1,-2.72646427154541,3,False,"[3, 3, 19]",3,171,False,False,3,1.0
166,False,10100110,>10x1010011.,"[2, 83]",>10x1010011,0,-0.8954402208328247,2,False,"[2, 83]",2,166,True,True,2,1.0
166,False,10100110,>10x1010011.,"[2, 83]",>10x11x11x1001,1,-3.0983405113220215,2,False,"[2, 3, 3, 9]",4,162,False,False,3,0.75
167,True,10100111,>10100111.,[167],>10100111,0,-0.9616727232933044,1,True,[167],1,167,True,True,1,1.0
167,True,10100111,>10100111.,[167],>11x11x10011,1,-2.8826236724853516,1,False,"[3, 3, 19]",3,171,False,False,3,1.0
179,True,10110011,>10110011.,[179],>10110011,0,-0.9454740881919861,1,True,[179],1,179,True,True,1,1.0
179,True,10110011,>10110011.,[179],>11x1110101,1,-2.12276291847229,1,False,"[3, 117]",2,351,False,False,1,0.5
186,False,10111010,>10x11x11111.,"[2, 3, 31]",>10x1011101,0,-0.9165317416191101,3,False,"[2, 93]",2,186,True,False,1,0.5
186,False,10111010,>10x11x11111.,"[2, 3, 31]",>10x11x11111,1,-1.7902876138687134,3,False,"[2, 3, 31]",3,186,True,True,3,1.0
195,False,11000011,>11x101x1101.,"[3, 5, 13]",>11000011,0,-1.1967090368270874,3,True,[195],1,195,True,False,0,0.0
195,False,11000011,>11x101x1101.,"[3, 5, 13]",>11x1000001,1,-2.2092928886413574,3,False,"[3, 65]",2,195,True,False,1,0.5
211,True,11010011,>11010011.,[211],>11010011,0,-1.131950855255127,1,True,[211],1,211,True,True,1,1.0
211,True,11010011,>11010011.,[211],>11x10001101,1,-2.4097132682800293,1,False,"[3, 141]",2,423,False,False,1,0.5
212,False,11010100,>10x10x110101.,"[2, 2, 53]",>10x10x110101,0,-0.942156195640564,3,False,"[2, 2, 53]",3,212,True,True,3,1.0
212,False,11010100,>10x10x110101.,"[2, 2, 53]",>10x10x11x10001,1,-2.3334953784942627,3,False,"[2, 2, 3, 17]",4,204,False,False,4,1.0
221,False,11011101,>1101x10001.,"[13, 17]",>11011101,0,-1.1609864234924316,2,True,[221],1,221,True,False,0,0.0
221,False,11011101,>1101x10001.,"[13, 17]",>11x1001001,1,-2.066348075866699,2,False,"[3, 73]",2,219,False,False,2,1.0
223,True,11011111,>11011111.,[223],>11011111,0,-1.1192514896392822,1,True,[223],1,223,True,True,1,1.0
223,True,11011111,>11011111.,[223],>11x10010101,1,-1.937781572341919,1,False,"[3, 149]",2,447,False,False,2,1.0
227,True,11100011,>11100011.,[227],>11100011,0,-1.0697418451309204,1,True,[227],1,227,True,True,1,1.0
227,True,11100011,>11100011.,[227],>11x10010101,1,-2.7117247581481934,1,False,"[3, 149]",2,447,False,False,2,1.0
230,False,11100110,>10x101x10111.,"[2, 5, 23]",>10x1110011,0,-0.9486597776412964,3,False,"[2, 115]",2,230,True,False,1,0.5
230,False,11100110,>10x101x10111.,"[2, 5, 23]",>10x11x1001101,1,-2.291750907897949,3,False,"[2, 3, 77]",3,462,False,False,2,0.6666666666666666
242,False,11110010,>10x1011x1011.,"[2, 11, 11]",>10x1111001,0,-0.9571290016174316,3,False,"[2, 121]",2,242,True,False,1,0.5
242,False,11110010,>10x1011x1011.,"[2, 11, 11]",>10x11x101001,1,-2.0266175270080566,3,False,"[2, 3, 41]",3,246,False,False,3,1.0
253,False,11111101,>1011x10111.,"[11, 23]",>11111101,0,-1.1384458541870117,2,True,[253],1,253,True,False,0,0.0
253,False,11111101,>1011x10111.,"[11, 23]",>11x1010101,1,-2.5173773765563965,2,False,"[3, 85]",2,255,False,False,1,0.5
256,False,100000000,>10x10x10x10x10x10x10x10.,"[2, 2, 2, 2, 2, 2, 2, 2]",>10x10x10x10x10x10x10x10,0,-0.5428224802017212,8,False,"[2, 2, 2, 2, 2, 2, 2, 2]",8,256,True,True,8,1.0
256,False,100000000,>10x10x10x10x10x10x10x10.,"[2, 2, 2, 2, 2, 2, 2, 2]",>10x10x10x10x10x10x10,1,-1.6366629600524902,8,False,"[2, 2, 2, 2, 2, 2, 2]",7,128,False,False,7,1.0
260,False,100000100,>10x10x101x1101.,"[2, 2, 5, 13]",>10x10x1000001,0,-0.8834204077720642,4,False,"[2, 2, 65]",3,260,True,False,2,0.6666666666666666
260,False,100000100,>10x10x101x1101.,"[2, 2, 5, 13]",>10x10x11x10101,1,-1.694595456123352,4,False,"[2, 2, 3, 21]",4,252,False,False,3,0.75
265,False,100001001,>101x110101.,"[5, 53]",>100001001,0,-1.1384791135787964,2,True,[265],1,265,True,False,0,0.0
265,False,100001001,>101x110101.,"[5, 53]",>11x1011011,1,-2.3958024978637695,2,False,"[3, 91]",2,273,False,False,1,0.5
272,False,100010000,>10x10x10x10x10001.,"[2, 2, 2, 2, 17]",>10x10x10x10x10001,0,-0.5617862939834595,5,False,"[2, 2, 2, 2, 17]",5,272,True,True,5,1.0
272,False,100010000,>10x10x10x10x10001.,"[2, 2, 2, 2, 17]",>10x10x10x10x11x101,1,-1.5247117280960083,5,False,"[2, 2, 2, 2, 3, 5]",6,240,False,False,6,1.0
273,False,100010001,>11x111x1101.,"[3, 7, 13]",>100010001,0,-1.1266907453536987,3,True,[273],1,273,True,False,0,0.0
273,False,100010001,>11x111x1101.,"[3, 7, 13]",>11x1011011,1,-2.1853740215301514,3,False,"[3, 91]",2,273,True,False,1,0.5
275,False,100010011,>101x101x1011.,"[5, 5, 11]",>100010011,0,-1.1059294939041138,3,True,[275],1,275,True,False,0,0.0
275,False,100010011,>101x101x1011.,"[5, 5, 11]",>11x10110101,1,-2.9048731327056885,3,False,"[3, 181]",2,543,False,False,2,1.0
277,True,100010101,>100010101.,[277],>100010101,0,-1.104260802268982,1,True,[277],1,277,True,True,1,1.0
277,True,100010101,>100010101.,[277],>11x1011111,1,-2.6107611656188965,1,False,"[3, 95]",2,285,False,False,1,0.5
278,False,100010110,>10x10001011.,"[2, 139]",>10x10001011,0,-0.9914440512657166,2,False,"[2, 139]",2,278,True,True,2,1.0
278,False,100010110,>10x10001011.,"[2, 139]",>10x11x1011101,1,-2.0666072368621826,2,False,"[2, 3, 93]",3,558,False,False,2,0.6666666666666666
281,True,100011001,>100011001.,[281],>100011001,0,-1.1135406494140625,1,True,[281],1,281,True,True,1,1.0
281,True,100011001,>100011001.,[281],>11x11x11x1011,1,-3.451584815979004,1,False,"[3, 3, 3, 11]",4,297,False,False,4,1.0
283,True,100011011,>100011011.,[283],>100011011,0,-1.0819066762924194,1,True,[283],1,283,True,True,1,1.0
283,True,100011011,>100011011.,[283],>11x11x11x1011,1,-3.542637586593628,1,False,"[3, 3, 3, 11]",4,297,False,False,4,1.0
288,False,100100000,>10x10x10x10x10x11x11.,"[2, 2, 2, 2, 2, 3, 3]",>10x10x10x10x10x1001,0,-0.43578869104385376,7,False,"[2, 2, 2, 2, 2, 9]",6,288,True,False,5,0.8333333333333334
288,False,100100000,>10x10x10x10x10x11x11.,"[2, 2, 2, 2, 2, 3, 3]",>10x10x10x10x10x11x11,1,-1.5041967630386353,7,False,"[2, 2, 2, 2, 2, 3, 3]",7,288,True,True,7,1.0
294,False,100100110,>10x11x111x111.,"[2, 3, 7, 7]",>10x10010011,0,-0.9965112805366516,4,False,"[2, 147]",2,294,True,False,1,0.5
294,False,100100110,>10x11x111x111.,"[2, 3, 7, 7]",>10x11x110001,1,-1.9210400581359863,4,False,"[2, 3, 49]",3,294,True,False,2,0.6666666666666666
299,False,100101011,>1101x10111.,"[13, 23]",>100101011,0,-1.1160835027694702,2,True,[299],1,299,True,False,0,0.0
299,False,100101011,>1101x10111.,"[13, 23]",>11x11000101,1,-2.384657382965088,2,False,"[3, 197]",2,591,False,False,2,1.0
300,False,100101100,>10x10x11x101x101.,"[2, 2, 3, 5, 5]",>10x10x1001011,0,-0.8479499816894531,5,False,"[2, 2, 75]",3,300,True,False,2,0.6666666666666666
300,False,100101100,>10x10x11x101x101.,"[2, 2, 3, 5, 5]",>10x10x11x11x11x101,1,-3.2418179512023926,5,False,"[2, 2, 3, 3, 3, 5]",6,540,False,False,6,1.0
301,False,100101101,>111x101011.,"[7, 43]",>100101101,0,-1.1118710041046143,2,True,[301],1,301,True,False,0,0.0
301,False,100101101,>111x101011.,"[7, 43]",>11x1100111,1,-2.6779110431671143,2,False,"[3, 103]",2,309,False,False,2,1.0
302,False,100101110,>10x10010111.,"[2, 151]",>10x10010111,0,-0.972957193851471,2,False,"[2, 151]",2,302,True,True,2,1.0
302,False,100101110,>10x10010111.,"[2, 151]",>10x11x1100101,1,-1.9051063060760498,2,False,"[2, 3, 101]",3,606,False,False,3,1.0
320,False,101000000,>10x10x10x10x10x10x101.,"[2, 2, 2, 2, 2, 2, 5]",>10x10x10x10x10x10x101,0,-0.1842767596244812,7,False,"[2, 2, 2, 2, 2, 2, 5]",7,320,True,True,7,1.0
320,False,101000000,>10x10x10x10x10x10x101.,"[2, 2, 2, 2, 2, 2, 5]",>10x10x10x10x10x10x11x11,1,-2.1009020805358887,7,False,"[2, 2, 2, 2, 2, 2, 3, 3]",8,576,False,False,8,1.0
351,False,101011111,>11x11x11x1101.,"[3, 3, 3, 13]",>101011111,0,-1.056648850440979,4,True,[351],1,351,True,False,0,0.0
351,False,101011111,>11x11x11x1101.,"[3, 3, 3, 13]",>11x1110101,1,-2.0297186374664307,4,False,"[3, 117]",2,351,True,False,1,0.5
361,False,101101001,>10011x10011.,"[19, 19]",>101101001,0,-1.036417007446289,2,True,[361],1,361,True,False,0,0.0
361,False,101101001,>10011x10011.,"[19, 19]",>11x1111011,1,-2.137737989425659,2,False,"[3, 123]",2,369,False,False,1,0.5
363,False,101101011,>11x1011x1011.,"[3, 11, 11]",>101101011,0,-1.0191372632980347,3,True,[363],1,363,True,False,0,0.0
363,False,101101011,>11x1011x1011.,"[3, 11, 11]",>11x1111001,1,-1.988556146621704,3,False,"[3, 121]",2,363,True,False,1,0.5
366,False,101101110,>10x11x111101.,"[2, 3, 61]",>10x10110111,0,-0.9167705774307251,3,False,"[2, 183]",2,366,True,False,1,0.5
366,False,101101110,>10x11x111101.,"[2, 3, 61]",>10x11x111101,1,-1.7708431482315063,3,False,"[2, 3, 61]",3,366,True,True,3,1.0
370,False,101110010,>10x101x100101.,"[2, 5, 37]",>10x10111001,0,-0.9789890050888062,3,False,"[2, 185]",2,370,True,False,1,0.5
370,False,101110010,>10x101x100101.,"[2, 5, 37]",>10x11x111101,1,-1.8857632875442505,3,False,"[2, 3, 61]",3,366,False,False,3,1.0
379,True,101111011,>101111011.,[379],>101111011,0,-1.0545010566711426,1,True,[379],1,379,True,True,1,1.0
379,True,101111011,>101111011.,[379],>11x1111111,1,-2.970935106277466,1,False,"[3, 127]",2,381,False,False,2,1.0
382,False,101111110,>10x10111111.,"[2, 191]",>10x10111111,0,-0.9442347288131714,2,False,"[2, 191]",2,382,True,True,2,1.0
382,False,101111110,>10x10111111.,"[2, 191]",>10x11x1111101,1,-1.9899500608444214,2,False,"[2, 3, 125]",3,750,False,False,2,0.6666666666666666
384,False,110000000,>10x10x10x10x10x10x10x11.,"[2, 2, 2, 2, 2, 2, 2, 3]",>10x10x10x10x10x10x10x101,0,-1.3123304843902588,8,False,"[2, 2, 2, 2, 2, 2, 2, 5]",8,640,False,False,8,1.0
384,False,110000000,>10x10x10x10x10x10x10x11.,"[2, 2, 2, 2, 2, 2, 2, 3]",>10x10x10x10x10x10x1101,1,-1.3590614795684814,8,False,"[2, 2, 2, 2, 2, 2, 13]",7,832,False,False,7,1.0
386,False,110000010,>10x11000001.,"[2, 193]",>10x11000001,0,-1.0824812650680542,2,False,"[2, 193]",2,386,True,True,2,1.0
386,False,110000010,>10x11000001.,"[2, 193]",>10x11x1000011,1,-2.2767255306243896,2,False,"[2, 3, 67]",3,402,False,False,3,1.0
387,False,110000011,>11x11x101011.,"[3, 3, 43]",>110000011,0,-1.2441643476486206,3,True,[387],1,387,True,False,0,0.0
387,False,110000011,>11x11x101011.,"[3, 3, 43]",>11x10000001,1,-2.2645835876464844,3,False,"[3, 129]",2,387,True,False,1,0.5
388,False,110000100,>10x10x1100001.,"[2, 2, 97]",>10x10x1100001,0,-0.9853925704956055,3,False,"[2, 2, 97]",3,388,True,True,3,1.0
388,False,110000100,>10x10x1100001.,"[2, 2, 97]",>10x10x11x100001,1,-1.952002763748169,3,False,"[2, 2, 3, 33]",4,396,False,False,3,0.75
395,False,110001011,>101x1001111.,"[5, 79]",>110001011,0,-1.2136800289154053,2,True,[395],1,395,True,False,0,0.0
395,False,110001011,>101x1001111.,"[5, 79]",>11x100000101,1,-2.525148630142212,2,False,"[3, 261]",2,783,False,False,1,0.5
397,True,110001101,>110001101.,[397],>110001101,0,-1.2110190391540527,1,True,[397],1,397,True,True,1,1.0
397,True,110001101,>110001101.,[397],>11x10000111,1,-2.3243918418884277,1,False,"[3, 135]",2,405,False,False,1,0.5
403,False,110010011,>1101x11111.,"[13, 31]",>110010011,0,-1.1869486570358276,2,True,[403],1,403,True,False,0,0.0
403,False,110010011,>1101x11111.,"[13, 31]",>11x10000101,1,-2.431847095489502,2,False,"[3, 133]",2,399,False,False,1,0.5
405,False,110010101,>11x11x11x11x101.,"[3, 3, 3, 3, 5]",>110010101,0,-1.176350712776184,5,True,[405],1,405,True,False,0,0.0
405,False,110010101,>11x11x11x11x101.,"[3, 3, 3, 3, 5]",>11x10000111,1,-2.1527435779571533,5,False,"[3, 135]",2,405,True,False,1,0.5
406,False,110010110,>10x111x11101.,"[2, 7, 29]",>10x11001011,0,-1.0527414083480835,3,False,"[2, 203]",2,406,True,False,1,0.5
406,False,110010110,>10x111x11101.,"[2, 7, 29]",>10x11x10000101,1,-2.19146990776062,3,False,"[2, 3, 133]",3,798,False,False,2,0.6666666666666666
422,False,110100110,>10x11010011.,"[2, 211]",>10x11010011,0,-1.060744285583496,2,False,"[2, 211]",2,422,True,True,2,1.0
422,False,110100110,>10x11010011.,"[2, 211]",>10x11x10001101,1,-2.330921173095703,2,False,"[2, 3, 141]",3,846,False,False,2,0.6666666666666666
423,False,110100111,>11x11x101111.,"[3, 3, 47]",>110100111,0,-1.1522637605667114,3,True,[423],1,423,True,False,0,0.0
423,False,110100111,>11x11x101111.,"[3, 3, 47]",>11x10001101,1,-2.1414501667022705,3,False,"[3, 141]",2,423,True,False,1,0.5
428,False,110101100,>10x10x1101011.,"[2, 2, 107]",>10x10x1101011,0,-0.996414840221405,3,False,"[2, 2, 107]",3,428,True,True,3,1.0
428,False,110101100,>10x10x1101011.,"[2, 2, 107]",>10x10x11x10001,1,-2.468860149383545,3,False,"[2, 2, 3, 17]",4,204,False,False,4,1.0
443,True,110111011,>110111011.,[443],>110111011,0,-1.1940343379974365,1,True,[443],1,443,True,True,1,1.0
443,True,110111011,>110111011.,[443],>11x100100101,1,-2.3125598430633545,1,False,"[3, 293]",2,879,False,False,2,1.0
444,False,110111100,>10x10x11x100101.,"[2, 2, 3, 37]",>10x10x1101111,0,-0.9941216707229614,4,False,"[2, 2, 111]",3,444,True,False,2,0.6666666666666666
444,False,110111100,>10x10x11x100101.,"[2, 2, 3, 37]",>10x10x11x100101,1,-1.7837121486663818,4,False,"[2, 2, 3, 37]",4,444,True,True,4,1.0
448,False,111000000,>10x10x10x10x10x10x111.,"[2, 2, 2, 2, 2, 2, 7]",>10x10x10x10x10x10x111,0,-0.3562377393245697,7,False,"[2, 2, 2, 2, 2, 2, 7]",7,448,True,True,7,1.0
448,False,111000000,>10x10x10x10x10x10x111.,"[2, 2, 2, 2, 2, 2, 7]",>10x10x10x10x10x10x101,1,-3.034715414047241,7,False,"[2, 2, 2, 2, 2, 2, 5]",7,320,False,False,7,1.0
449,True,111000001,>111000001.,[449],>111000001,0,-1.1672192811965942,1,True,[449],1,449,True,True,1,1.0
449,True,111000001,>111000001.,[449],>11x10010111,1,-2.188532590866089,1,False,"[3, 151]",2,453,False,False,2,1.0
450,False,111000010,>10x11x11x101x101.,"[2, 3, 3, 5, 5]",>10x11100001,0,-1.0331037044525146,5,False,"[2, 225]",2,450,True,False,1,0.5
450,False,111000010,>10x11x11x101x101.,"[2, 3, 3, 5, 5]",>10x11x1001011,1,-2.0456387996673584,5,False,"[2, 3, 75]",3,450,True,False,2,0.6666666666666666
451,False,111000011,>1011x101001.,"[11, 41]",>111000011,0,-1.1477056741714478,2,True,[451],1,451,True,False,0,0.0
451,False,111000011,>1011x101001.,"[11, 41]",>11x10010101,1,-2.254976987838745,2,False,"[3, 149]",2,447,False,False,2,1.0
453,False,111000101,>11x10010111.,"[3, 151]",>111000101,0,-1.152230143547058,2,True,[453],1,453,True,False,0,0.0
453,False,111000101,>11x10010111.,"[3, 151]",>11x10010111,1,-2.216219186782837,2,False,"[3, 151]",2,453,True,True,2,1.0
456,False,111001000,>10x10x10x11x10011.,"[2, 2, 2, 3, 19]",>10x10x10x111001,0,-0.822344183921814,5,False,"[2, 2, 2, 57]",4,456,True,False,3,0.75
456,False,111001000,>10x10x10x11x10011.,"[2, 2, 2, 3, 19]",>10x10x10x11x10011,1,-1.955615758895874,5,False,"[2, 2, 2, 3, 19]",5,456,True,True,5,1.0
461,True,111001101,>111001101.,[461],>111001101,0,-1.1458066701889038,1,True,[461],1,461,True,True,1,1.0
461,True,111001101,>111001101.,[461],>11x10011011,1,-2.1682288646698,1,False,"[3, 155]",2,465,False,False,1,0.5
470,False,111010110,>10x101x101111.,"[2, 5, 47]",>10x11101011,0,-1.0029139518737793,3,False,"[2, 235]",2,470,True,False,1,0.5
470,False,111010110,>10x101x101111.,"[2, 5, 47]",>10x11x10011101,1,-2.5778608322143555,3,False,"[2, 3, 157]",3,942,False,False,3,1.0
473,False,111011001,>1011x101011.,"[11, 43]",>111011001,0,-1.1671342849731445,2,True,[473],1,473,True,False,0,0.0
473,False,111011001,>1011x101011.,"[11, 43]",>11x10011111,1,-2.1948447227478027,2,False,"[3, 159]",2,477,False,False,1,0.5
475,False,111011011,>101x101x10011.,"[5, 5, 19]",>111011011,0,-1.152111291885376,3,True,[475],1,475,True,False,0,0.0
475,False,111011011,>101x101x10011.,"[5, 5, 19]",>11x10011101,1,-2.106494188308716,3,False,"[3, 157]",2,471,False,False,2,1.0
476,False,111011100,>10x10x111x10001.,"[2, 2, 7, 17]",>10x10x1110111,0,-0.8887473940849304,4,False,"[2, 2, 119]",3,476,True,False,2,0.6666666666666666
476,False,111011100,>10x10x111x10001.,"[2, 2, 7, 17]",>10x10x11x1001101,1,-3.019955635070801,4,False,"[2, 2, 3, 77]",4,924,False,False,3,0.75
479,True,111011111,>111011111.,[479],>111011111,0,-1.1307405233383179,1,True,[479],1,479,True,True,1,1.0
479,True,111011111,>111011111.,[479],>11x10011101,1,-2.0635311603546143,1,False,"[3, 157]",2,471,False,False,2,1.0
480,False,111100000,>10x10x10x10x10x11x101.,"[2, 2, 2, 2, 2, 3, 5]",>10x10x10x10x10x1111,0,-0.4555678367614746,7,False,"[2, 2, 2, 2, 2, 15]",6,480,True,False,5,0.8333333333333334
480,False,111100000,>10x10x10x10x10x11x101.,"[2, 2, 2, 2, 2, 3, 5]",>10x10x10x10x10x11x101,1,-1.8659099340438843,7,False,"[2, 2, 2, 2, 2, 3, 5]",7,480,True,True,7,1.0
489,False,111101001,>11x10100011.,"[3, 163]",>111101001,0,-1.137805700302124,2,True,[489],1,489,True,False,0,0.0
489,False,111101001,>11x10100011.,"[3, 163]",>11x10100011,1,-2.1390442848205566,2,False,"[3, 163]",2,489,True,True,2,1.0
490,False,111101010,>10x101x111x111.,"[2, 5, 7, 7]",>10x11110101,0,-1.0099458694458008,4,False,"[2, 245]",2,490,True,False,1,0.5
490,False,111101010,>10x101x111x111.,"[2, 5, 7, 7]",>10x11x1010011,1,-2.6198410987854004,4,False,"[2, 3, 83]",3,498,False,False,3,1.0
494,False,111101110,>10x1101x10011.,"[2, 13, 19]",>10x11110111,0,-1.0011937618255615,3,False,"[2, 247]",2,494,True,False,1,0.5
494,False,111101110,>10x1101x10011.,"[2, 13, 19]",>10x11x10100101,1,-2.2110917568206787,3,False,"[2, 3, 165]",3,990,False,False,2,0.6666666666666666
507,False,111111011,>11x1101x1101.,"[3, 13, 13]",>111111011,0,-1.1941238641738892,3,True,[507],1,507,True,False,0,0.0
507,False,111111011,>11x1101x1101.,"[3, 13, 13]",>11x10101001,1,-2.0975501537323,3,False,"[3, 169]",2,507,True,False,1,0.5
508,False,111111100,>10x10x1111111.,"[2, 2, 127]",>10x10x1111111,0,-0.9400001764297485,3,False,"[2, 2, 127]",3,508,True,True,3,1.0
508,False,111111100,>10x10x1111111.,"[2, 2, 127]",>10x10x11x1010101,1,-2.192251443862915,3,False,"[2, 2, 3, 85]",4,1020,False,False,3,0.75
